Employee_ID,First Name,Last Name,Department,Job_Title,Salary,Aadhar Number,Pan Number,Gender,Driving Licence Number,Email
EMP-0001,EmpFirst1,EmpLast1,Marketing,intern,97152.72,2.74159E+11,XQJPM6724Z,Male,DL-KF8T2V6WQY,emp0@company.com
EMP-0002,EmpFirst2,EmpLast2,HR,Intern,71997.38,8.36026E+11,LRKDT9132Q,Female,DL-WJ4N7L2GHT,emp1@company.com
EMP-0003,EmpFirst3,EmpLast3,Marketing,Senior Associate,48335.79,4.9261E+11,MTYSA5261F,Male,DL-YE3V5K8QJP,emp2@company.com
EMP-0004,EmpFirst4,EmpLast4,HR,intern,85855.19,7.05924E+11,QPZWL9308J,Female,DL-CN6R2D9BTS,emp3@company.com
EMP-0005,EmpFirst5,EmpLast5,Sales,MANAGER,32456.83,1.92837E+11,BXQMA7451L,Other,DL-MR7X4F1QWB,emp4@company.com
EMP-0006,EmpFirst6,EmpLast6,Finance,Manager,63643.45,9.58272E+11,VYHJK2947K,Male,DL-HJ2Q8M4PWT,emp5@company.com
EMP-0007,EmpFirst7,EmpLast7,Sales,Manager,58008.7,6.27302E+11,NSQWF5830A,Female,DL-BV9S3K6MPR,emp6@company.com
EMP-0008,EmpFirst8,EmpLast8,HR,Intern,59038.38,3.84921E+11,LKTRM8073N,Male,DL-DZ5Q1V8LKC,emp7@company.com
EMP-0009,EmpFirst9,EmpLast9,Sales,Intern,63585.65,8.10295E+11,RJYQP4926B,Female,DL-XF1M9R4HGS,emp8@company.com
EMP-0010,EmpFirst10,EmpLast10,Marketing,intern,99561.54,,WTZKC8150Q,Other,DL-LQ7G2P6HVR,emp9@company.com
EMP-0011,EmpFirst11,EmpLast11,Sales,Manager,93235.31,2.71094E+11,CDNVB3651R,Male,DL-GM4T9S2YQK,emp10@company.com
EMP-0012,EmpFirst12,EmpLast12,Sales,Senior Associate,100732.95,8.43729E+11,HBQWF7206Z,Female,DL-JP8X3V1LZT,emp11@company.com
EMP-0013,EmpFirst13,EmpLast13,Marketing,Senior Associate,119683.4,6.50292E+11,PQZMX1937C,Male,DL-NB5D2W9GQF,emp12@company.com
EMP-0014,EmpFirst14,EmpLast14,HR,Associate,40452.26,3.08473E+11,KDTSR8419P,Female,DL-RY6J1H5KWB,emp13@company.com
EMP-0015,EmpFirst15,EmpLast15,IT,MANAGER,46498.85,9.82631E+11,LWQAZ6932J,Male,DL-VP2N8T4KJC,emp14@company.com
EMP-0016,EmpFirst16,EmpLast16,HR,Intern,66026.21,5.72039E+11,QZTYK9301F,Female,DL-CM8R7V3GHQ,emp15@company.com
EMP-0017,EmpFirst17,EmpLast17,Sales,MANAGER,61602.03,4.03927E+11,WBNQP8210T,Other,DL-KH3V5L9WQS,emp16@company.com
EMP-0018,EmpFirst18,EmpLast18,Marketing,intern,78240.53,7.29185E+11,FGQMV5629A,Male,DL-SF9D6Y4KXP,emp17@company.com
EMP-0019,EmpFirst19,EmpLast19,IT,intern,60601.4,1.92837E+11,TRPKL0372N,Female,DL-MD7W2P8TQH,emp18@company.com
EMP-0020,EmpFirst20,EmpLast20,Marketing,MANAGER,81784.3,6.39282E+11,XMCRF5816B,Male,DL-QT4L1J7NKG,emp19@company.com
EMP-0021,EmpFirst21,EmpLast21,HR,Manager,115071.42,4.05928E+11,KWTZS4720H,Female,DL-YP8N5V3RDX,emp20@company.com
EMP-0022,EmpFirst22,EmpLast22,Sales,Intern,109360.3,5.27109E+11,BJQMX9150D,Male,DL-LR6X9G1HFP,emp21@company.com
EMP-0023,EmpFirst23,EmpLast23,HR,,93499.07,8.10294E+11,,Female,DL-WK3T2Q8MZL,emp22@company.com
EMP-0024,EmpFirst24,EmpLast24,Marketing,Intern,71804.72,3.74821E+11,LPQKY9137V,Male,DL-NX5R7V2QHJ,emp23@company.com
EMP-0025,EmpFirst25,EmpLast25,IT,Manager,73021.53,9.28374E+11,DWRMF5628Z,Female,DL-GB9Q1T3LPR,emp24@company.com
EMP-0024,EmpFirst24,EmpLast24,Marketing,Intern,71804.72,3.74821E+11,LPQKY9137V,Male,DL-NX5R7V2QHJ,emp23@company.com
EMP-0024,EmpFirst24,EmpLast24,Marketing,Intern,71804.72,3.74821E+11,LPQKY9137V,Male,DL-NX5R7V2QHJ,emp23@company.com
EMP-0024,EmpFirst24,EmpLast24,Marketing,Intern,71804.72,3.74821E+11,LPQKY9137V,Male,DL-NX5R7V2QHJ,emp23@company.com
EMP-0024,EmpFirst24,EmpLast24,Marketing,Intern,71804.72,3.74821E+11,LPQKY9137V,,DL-NX5R7V2QHJ,emp23@company.com
EMP-0024,EmpFirst24,EmpLast24,Marketing,Intern,71804.72,3.74821E+11,LPQKY9137V,Male,DL-NX5R7V2QHJ,emp23@company.com
EMP-0022,EmpFirst22,EmpLast22,Sales,Intern,109360.3,5.27109E+11,BJQMX9150D,Male,DL-LR6X9G1HFP,emp21@company.com
